{
  "hash": "d40b70f7",
  "configHash": "e631677c",
  "lockfileHash": "8dc4d6bc",
  "browserHash": "6f3de2d4",
  "optimized": {
    "@angular/core": {
      "src": "../../../../../node_modules/@angular/core/fesm2022/core.mjs",
      "file": "@angular_core.js",
      "fileHash": "a7b35bff",
      "needsInterop": false
    },
    "@angular/platform-browser": {
      "src": "../../../../../node_modules/@angular/platform-browser/fesm2022/platform-browser.mjs",
      "file": "@angular_platform-browser.js",
      "fileHash": "abe299b7",
      "needsInterop": false
    },
    "@angular/router": {
      "src": "../../../../../node_modules/@angular/router/fesm2022/router.mjs",
      "file": "@angular_router.js",
      "fileHash": "94412502",
      "needsInterop": false
    }
  },
  "chunks": {
    "chunk-J3CNNKKO": {
      "file": "chunk-J3CNNKKO.js"
    },
    "chunk-UXDG6NSB": {
      "file": "chunk-UXDG6NSB.js"
    }
  }
}